city,city_slug,service,service_slug,region,population,local_context,neighborhood_list
"Toronto","toronto","Anxiety Therapy","anxiety-therapy","Greater Toronto Area","2.8 million","Toronto's fast-paced environment, competitive job market, and high cost of living create unique stressors for residents. From Bay Street professionals to creative industry workers, the pressure to succeed can be overwhelming.","Downtown, North York, Scarborough, Etobicoke, York, East York"
"Toronto","toronto","Stress Management","stress-management","Greater Toronto Area","2.8 million","The constant hustle of Toronto life - from packed TTC commutes to demanding work cultures - makes stress management essential for maintaining mental health in Canada's largest city.","Financial District, Liberty Village, The Annex, Yorkville, Queen West, King West"
"Toronto","toronto","Depression Support","depression-support","Greater Toronto Area","2.8 million","Despite being surrounded by millions, many Toronto residents experience isolation and depression, especially during long winters and amid the city's competitive atmosphere.","Beaches, Leslieville, Rosedale, Forest Hill, Parkdale, Junction"
"Mississauga","mississauga","Anxiety Therapy","anxiety-therapy","Peel Region","717,000","As one of Canada's most diverse cities, Mississauga residents navigate cultural transitions, suburban isolation, and the pressure of commuting to Toronto for work.","Port Credit, Streetsville, Meadowvale, Cooksville, Clarkson, Erin Mills"
"Mississauga","mississauga","Workplace Stress","workplace-stress","Peel Region","717,000","With major corporate headquarters and proximity to Pearson Airport, Mississauga professionals face unique workplace pressures in industries from tech to logistics.","City Centre, Hurontario, Airport Corporate Centre, Meadowvale Business Park"
"Ottawa","ottawa","Anxiety Therapy","anxiety-therapy","National Capital Region","1 million","Ottawa's government sector creates specific pressures around job security, bilingual requirements, and political tensions that affect mental health.","Centretown, Glebe, Westboro, Kanata, Orleans, Barrhaven"
"Ottawa","ottawa","Stress Management","stress-management","National Capital Region","1 million","Balancing federal government demands with family life, Ottawa residents face unique stressors from security clearances to political change impacts.","ByWard Market, Sandy Hill, Hintonburg, Nepean, Gloucester, Cumberland"
"Hamilton","hamilton","Depression Support","depression-support","Golden Horseshoe","570,000","Hamilton's economic transformation from steel city to diverse economy brings both opportunities and adjustment stress for long-time residents.","Downtown, Mountain, Dundas, Ancaster, Stoney Creek, Waterdown"
"Hamilton","hamilton","Life Transitions","life-transitions","Golden Horseshoe","570,000","As Hamilton undergoes revitalization, residents navigate career changes, gentrification pressures, and shifting community dynamics.","Westdale, Locke Street, James North, Corktown, Strathcona, Crown Point"
"London","london","Anxiety Therapy","anxiety-therapy","Southwestern Ontario","385,000","As a major education and healthcare hub, London residents balance academic pressures, medical training stress, and small-city limitations.","Downtown, Old North, Wortley Village, Byron, Westmount, Masonville"
"Kitchener","kitchener","Workplace Stress","workplace-stress","Waterloo Region","256,000","The tech boom in Kitchener-Waterloo creates high-pressure startup culture and rapid change that impacts mental health.","Downtown, Belmont Village, Forest Heights, Doon, Pioneer Park, Victoria Park"
"Windsor","windsor","Anxiety Therapy","anxiety-therapy","Essex County","230,000","Border city dynamics, manufacturing changes, and cross-border work create unique anxieties for Windsor residents.","Downtown, Walkerville, Riverside, South Windsor, Forest Glade, Tecumseh"
"Markham","markham","Professional Burnout","professional-burnout","York Region","340,000","Markham's tech sector and high-achieving immigrant communities face intense pressure to succeed professionally and academically.","Unionville, Thornhill, Cornell, Milliken, Cachet, Buttonville"
"Vaughan","vaughan","Family Stress","family-stress","York Region","323,000","Rapid growth and the pressure to maintain suburban success while managing family demands create unique stressors in Vaughan.","Woodbridge, Thornhill, Maple, Kleinburg, Concord, Vellore"
"Richmond Hill","richmond-hill","Anxiety Therapy","anxiety-therapy","York Region","202,000","The blend of urban growth and family expectations in Richmond Hill creates pressure for both parents and young professionals.","Oak Ridges, Langstaff, Mill Pond, Crosby, North Richvale, South Richvale"
"Oakville","oakville","Executive Stress","executive-stress","Halton Region","194,000","Oakville's affluent communities face unique pressures around maintaining lifestyle, private school demands, and executive burnout.","Downtown, Bronte, Glen Abbey, Clearview, River Oaks, Morrison"
"Burlington","burlington","Work-Life Balance","work-life-balance","Halton Region","186,000","Burlington professionals juggle Toronto commutes with family life, creating work-life balance challenges.","Downtown, Aldershot, Roseland, Mountainside, Millcroft, Tyandaga"
"Brampton","brampton","Cultural Stress","cultural-stress","Peel Region","656,000","Brampton's diverse communities navigate intergenerational expectations, cultural identity, and integration challenges.","Downtown, Bramalea, Heart Lake, Springdale, Castlemore, Mount Pleasant"
"Guelph","guelph","Student Anxiety","student-anxiety","Wellington County","135,000","University pressures, rural-urban transition, and limited mental health resources create challenges for Guelph residents.","Downtown, Old University, Exhibition Park, The Ward, Kortright, Westminster Woods"
"Cambridge","cambridge","Life Changes","life-changes","Waterloo Region","137,000","Cambridge residents navigate the merger of three communities, industrial change, and growing tech sector pressures.","Galt, Preston, Hespeler, Blair, Pinebush, West Galt"
