natural_query,url_slug,emotional_state,situation,medical_condition,h1_headline,lead_text,validation_text,understanding_headline,meta_description
"Why Do I Feel Anxious All the Time","why-feel-anxious-all-time","anxious","daily life","Generalized Anxiety","Why Do I Feel Anxious All the Time?","When anxiety becomes your constant companion, it's exhausting.","You're not alone - persistent anxiety affects 1 in 5 adults in Ontario.","Understanding Chronic Anxiety","Feeling anxious all the time? Virtual therapy for chronic anxiety throughout Ontario. Free consultation. CRPO #10979."
"Can't Stop Worrying About Work","cant-stop-worrying-work","worried","work","Workplace Anxiety","Can't Stop Worrying About Work?","When work thoughts consume your evenings and weekends.","You're not alone - workplace anxiety is one of the most common therapy concerns.","Why Work Worry Takes Over","Can't stop thinking about work? Virtual therapy for workplace anxiety in Ontario. Evening sessions. CRPO registered."
"Panic Attacks When Driving Ontario","panic-attacks-driving-ontario","panicked","driving","Driving Anxiety","Panic Attacks While Driving?","The fear of driving doesn't have to limit your life.","Driving anxiety affects thousands of Ontario residents.","Understanding Driving-Related Panic","Panic attacks when driving in Ontario? Virtual therapy for driving anxiety. Safe, supportive help. CRPO #10979."
"Constant Stress From Job","constant-stress-from-job","stressed","job demands","Work Stress","Constant Stress From Your Job?","When your job feels like it's slowly burning you out.","Job stress is reaching epidemic levels in Ontario workplaces.","The Reality of Workplace Stress","Constant job stress wearing you down? Virtual therapy for work stress throughout Ontario. Free consultation."
"Sunday Night Anxiety","sunday-night-anxiety","anxious","Sunday nights","Anticipatory Anxiety","Sunday Night Anxiety","That familiar Sunday dread doesn't have to control your weekends.","The 'Sunday Scaries' affect up to 80% of professionals.","Understanding the Sunday Scaries","Sunday night anxiety ruining weekends? Virtual therapy for work dread in Ontario. Evening appointments. CRPO registered."
"Therapist Available Today Ontario","therapist-available-today-ontario","urgent","immediate need","Crisis Support","Need to Talk to Someone Today?","Sometimes you need support sooner rather than later.","Many people search for same-day therapy during difficult times.","When You Need Support Now","Looking for a therapist available today in Ontario? Virtual sessions with quick availability. CRPO registered #10979."
"Same Week Therapy Appointment","same-week-therapy-appointment","hopeful","scheduling","Therapy Access","Same Week Appointments Available","You don't have to wait weeks to start feeling better.","Quick access to therapy can make a significant difference.","Getting Started This Week","Same week therapy appointments in Ontario. Virtual sessions with a registered psychotherapist. Book today."
"Therapy Covered by Insurance Ontario","therapy-covered-insurance-ontario","practical","finances","Insurance Coverage","Is Therapy Covered by Your Insurance?","Understanding your coverage options for mental health support.","Most extended health plans in Ontario cover psychotherapy services.","Insurance Coverage Explained","Therapy covered by insurance in Ontario? Learn about coverage options. Receipts provided. CRPO registered."
"How Much Is Therapy Without Insurance","therapy-cost-without-insurance","concerned","cost","Therapy Investment","Therapy Costs Without Insurance","Investing in your mental health when insurance isn't available.","Many Ontarians pay for therapy out-of-pocket as an investment in wellbeing.","Understanding Therapy Costs","How much is therapy without insurance in Ontario? Transparent pricing, payment plans available. CRPO #10979."
"Mental Health Support for Ontario Professionals","mental-health-ontario-professionals","overwhelmed","professional life","Professional Burnout","Mental Health Support for Professionals","Tailored therapy for Ontario's high-achieving professionals.","Professionals face unique mental health challenges in today's workplace.","Professional Life Balance","Mental health support for Ontario professionals. Virtual therapy for executives and entrepreneurs. CRPO registered."
"Virtual Therapy for Busy Parents","virtual-therapy-busy-parents","exhausted","parenting","Parental Stress","Virtual Therapy for Busy Parents","When you're caring for everyone but yourself.","Parents often put their mental health last on the priority list.","The Parent Burnout Reality","Virtual therapy for busy parents in Ontario. Flexible scheduling, evening sessions. CRPO registered #10979."
"Online Counselling for Remote Workers","online-counselling-remote-workers","isolated","remote work","Remote Work Stress","Online Counselling for Remote Workers","When working from home blurs every boundary.","Remote workers face unique mental health challenges.","Remote Work and Mental Health","Online counselling for remote workers in Ontario. Virtual support for work-from-home challenges. CRPO registered."
"Can't Sleep Because of Anxiety","cant-sleep-anxiety","restless","bedtime","Sleep Anxiety","Can't Sleep Because of Anxiety?","When your mind races the moment your head hits the pillow.","Anxiety-related insomnia affects millions of Canadians.","The Anxiety-Sleep Connection","Can't sleep due to anxiety? Virtual therapy for sleep issues in Ontario. Evening sessions available. CRPO #10979."
"Overwhelmed and Don't Know Where to Start","overwhelmed-dont-know-where-start","overwhelmed","life decisions","Decision Paralysis","Overwhelmed and Don't Know Where to Start?","When everything feels like too much and nothing feels manageable.","Feeling paralyzed by overwhelm is more common than you think.","Breaking Through Overwhelm","Feeling overwhelmed? Virtual therapy to help you find clarity. Ontario-wide services. CRPO registered."
"Feeling Stuck in Life Ontario","feeling-stuck-life-ontario","stuck","life direction","Life Transitions","Feeling Stuck in Life?","When you know something needs to change but don't know what.","Feeling stuck is often a sign you're ready for growth.","Understanding Life Stagnation","Feeling stuck in life? Virtual therapy for life transitions in Ontario. Find your path forward. CRPO #10979."
"Always Tired But Can't Relax","always-tired-cant-relax","exhausted","rest","Burnout","Always Tired But Can't Relax?","When exhaustion meets an inability to truly rest.","This paradox is a hallmark sign of burnout.","The Exhaustion Paradox","Always tired but can't relax? Virtual therapy for burnout in Ontario. Restore your energy. CRPO registered."
"Everything Feels Like Too Much","everything-feels-too-much","overwhelmed","daily tasks","Overwhelm","Everything Feels Like Too Much","When even simple tasks feel monumentally difficult.","This feeling often signals a need for professional support.","When Life Becomes Overwhelming","Everything feels like too much? Virtual therapy for overwhelm in Ontario. Compassionate support. CRPO #10979."
"Weekend Therapy Sessions Ontario","weekend-therapy-ontario","flexible","scheduling","Weekend Access","Weekend Therapy Sessions Available","Therapy that fits your schedule, not the other way around.","Weekend availability makes therapy accessible for busy professionals.","Flexible Therapy Options","Weekend therapy sessions in Ontario. Saturday appointments available. Virtual sessions. CRPO registered."
"Employee Assistance Program Therapy","employee-assistance-program-therapy","supported","workplace benefits","EAP Services","Using Your Employee Assistance Program","Making the most of your workplace mental health benefits.","Many Ontario employers offer EAP coverage for therapy.","Understanding Your EAP Benefits","Employee assistance program therapy in Ontario. We work with EAPs. Virtual sessions. CRPO #10979."
"Therapy for Healthcare Workers Ontario","therapy-healthcare-workers-ontario","burned out","healthcare stress","Healthcare Burnout","Therapy for Healthcare Workers","Supporting those who support others.","Healthcare workers face unprecedented stress and burnout.","Healthcare Professional Wellness","Therapy for healthcare workers in Ontario. Understanding the unique pressures you face. CRPO registered."
