Top queries,Clicks,Impressions,CTR,Position
jesse cynamon,22,162,13.58%,2.09
next step psychotherapy,6,13,46.15%,1.69
next step therapy clinic,5,53,9.43%,1.83
next step therapy,2,38,5.26%,7.71
next step counselling,0,130,0%,13.57
virtual therapy ontario,0,128,0%,85.64
work stress,0,104,0%,84.5
perfectionism and burnout,0,85,0%,47.05
therapy for perfectionism and burnout,0,78,0%,62.22
achieving professional fulfilment,0,76,0%,78.79
overcoming performance fear toronto,0,74,0%,6.78
performance anxiety counselling toronto,0,74,0%,12.5
performance psychology services toronto,0,69,0%,93.19
work anxiety,0,62,0%,62.71
perfectionism/burnout,0,58,0%,53.74
therapy for professionals,0,50,0%,46.18
performance anxiety therapy,0,40,0%,46.23
work stress therapy,0,37,0%,80.54
next level therapy,0,33,0%,8.79
burnout therapy toronto,0,32,0%,86.28
life transitions,0,30,0%,65.27
high performer therapy,0,29,0%,76.83
online therapy ontario,0,29,0%,96
anxiety therapy mississauga,0,28,0%,56.04
anxiety therapy ontario,0,27,0%,73.56
professional performance,0,25,0%,25.56
anxiety management for athletes in toronto,0,25,0%,37
ontario virtual therapy,0,23,0%,82.39
online counselling ontario,0,22,0%,97.05
virtual counselling ontario,0,21,0%,90.9
next steps counselling,0,20,0%,15.2
next step,0,20,0%,62.35
anxiety and stress therapy,0,20,0%,89.65
personal growth therapy,0,19,0%,99.16
next steps therapy,0,18,0%,31.72
online therapy mississauga,0,18,0%,34.5
therapy for imposter syndrome ontario,0,18,0%,54.5
how to measure workplace stress,0,18,0%,92
professional fulfillment services,0,18,0%,92.61
life transitions counselling,0,18,0%,94.5
anxiety therapist mississauga,0,17,0%,46.59
therapy for imposter syndrome toronto,0,16,0%,40.81
performance therapy,0,16,0%,59.19
life transitions therapy,0,16,0%,80.31
next step therapy services,0,14,0%,76.07
i feel anxious all the time,0,13,0%,78.08
burnout treatment toronto,0,13,0%,97.15
next step counseling,0,12,0%,10.75
the next step toronto,0,12,0%,20.17
nextstep therapy,0,12,0%,27.5
mindfulness therapy,0,12,0%,76.08
how to stop worrying about work,0,11,0%,31.55
mississauga anxiety therapist,0,10,0%,52.1
perfectionism burnout,0,10,0%,56.7
therapy for remote workers,0,9,0%,6
cbt therapy for performance anxiety,0,9,0%,78.22
feeling anxious all the time,0,9,0%,80.89
virtual therapy toronto,0,9,0%,88.89
mississauga anxiety therapy,0,8,0%,58.62
anxiety therapist,0,8,0%,63.75
stress assessment,0,8,0%,65
young adult therapy,0,8,0%,73.38
online therapist ontario,0,8,0%,89
stress and anxiety treatment,0,8,0%,102.5
therapy for business professionals,0,7,0%,3.71
performance anxiety cbt therapy,0,7,0%,57.29
is therapy covered by ohip,0,7,0%,78.29
workplace anxiety,0,7,0%,86.14
ontario online therapy,0,7,0%,97.14
act therapy ontario,0,6,0%,31.67
work stress assessment,0,6,0%,43
professional therapy,0,6,0%,43.33
professional fulfillment,0,6,0%,49
acceptance and commitment therapist ontario,0,6,0%,56
acceptance and commitment counselling ontario,0,6,0%,68.17
stress and anxiety at work,0,6,0%,81.5
why am i always anxious,0,6,0%,92.83
life transitions therapy burlington on,0,6,0%,94.83
virtual therapy for high achievers,0,5,0%,9
performance anxiety therapist,0,5,0%,11.2
next step performance,0,5,0%,45.4
acceptance and commitment therapy ontario,0,5,0%,48.4
act counsellor ontario,0,5,0%,51.6
acceptance and commitment therapy training ontario,0,5,0%,52
anxiety all the time,0,5,0%,60.6
axniety counseling ontario,0,5,0%,61.8
executive performance,0,5,0%,62.6
act counselling ontario,0,5,0%,65.8
life transitions counselling near me,0,5,0%,66.4
mind racing can't sleep anxiety,0,5,0%,67.6
grief therapist ontario,0,5,0%,67.8
i am anxious all the time,0,5,0%,68.4
how to deal with work stress and anxiety,0,5,0%,80.4
feeling anxiety all the time,0,5,0%,82.6
why do i feel anxiety all the time,0,5,0%,83.6
act therapy course,0,5,0%,91.8
mens stress therapy,0,5,0%,92.6
"life transitions therapy toronto, ontario",0,5,0%,93.8
stressed with work,0,5,0%,95.2
virtual psychotherapist ontario,0,5,0%,95.4
therapy sessions near me,0,4,0%,30
emergency therapy sessions,0,4,0%,33.25
next therapy,0,4,0%,41.25
next step contact,0,4,0%,61
anxiety counselling mississauga,0,4,0%,67.5
anxiety treatment mississauga,0,4,0%,67.5
insurance covered therapy,0,4,0%,68.25
mississauga anxiety counsellor,0,4,0%,69.5
work stress and anxiety,0,4,0%,72.75
is psychotherapy covered by ohip,0,4,0%,74.25
anxiety from work,0,4,0%,82.5
mississauga anxiety counselling,0,4,0%,83.25
work stress therapist,0,4,0%,84
psychotherapist near me,0,3,0%,1
psychotherapy near me,0,3,0%,1
next stage therapy,0,3,0%,2.33
the next step therapy,0,3,0%,10.67
next steps counseling,0,3,0%,12.33
therapist available now,0,3,0%,15.33
virtual cbt therapy kenora,0,3,0%,18.67
step therapy,0,3,0%,35.33
anxiety therapist in mississauga on,0,3,0%,48.33
anxiety therapy in mississauga on,0,3,0%,55.67
acceptance and commitment counsellor ontario,0,3,0%,57.67
sunday night anxiety,0,3,0%,57.67
sunday anxiety,0,3,0%,61.33
online act counsellor ontario,0,3,0%,69
stress and anxiety from work,0,3,0%,69
is psychologist covered by ohip,0,3,0%,70.33
online acceptance and commitment counsellor ontario,0,3,0%,74.67
find a therapist near me,0,3,0%,77.67
does ohip cover psychotherapy,0,3,0%,78.67
online acceptance and commitment therapy ontario,0,3,0%,79
anxious all the time,0,3,0%,81
old therapy toronto,0,3,0%,82.67
anxiety counselling in mississauga on,0,3,0%,85
stress management mississauga,0,3,0%,85.33
constant anxiety,0,3,0%,89.33
is couples counseling covered by insurance,0,3,0%,92
therapist covered by insurance,0,3,0%,93.67
stress and anxiety in the workplace,0,3,0%,94.33
next steps,0,3,0%,94.67
anxiety all day,0,3,0%,95
life transition therapy,0,3,0%,98
online therapy ottawa,0,3,0%,100.33
therapist near me,0,2,0%,1
the next step counseling,0,2,0%,5
can therapy help with imposter syndrome in fast-paced work environments?,0,2,0%,9
next step professional therapy,0,2,0%,9
sunday night dread,0,2,0%,10.5
same time next week therapy,0,2,0%,29
therapy courtesy claims,0,2,0%,33.5
cant stop thinking about work,0,2,0%,35.5
"perfectionism/burnout, gainesville",0,2,0%,35.5
eq high,0,2,0%,38.5
act therapist ontario,0,2,0%,45.5
virtual cbt therapy mississauga,0,2,0%,49
anxiety counselling cochrane,0,2,0%,60
online acceptance and commitment therapist ontario,0,2,0%,61.5
anxiety counsellor in mississauga on,0,2,0%,63
high ei,0,2,0%,63
lotus core performer,0,2,0%,63.5
stress counselling ontario canada,0,2,0%,69
online therapy for parenting,0,2,0%,69.5
anxiety treatment thunder bay,0,2,0%,71
professional therapeutic,0,2,0%,73
job related anxiety,0,2,0%,73.5
work and anxiety,0,2,0%,73.5
young adult therapist,0,2,0%,77.5
work stress anxiety,0,2,0%,78
transformative counselling,0,2,0%,79
mindfulness therapies,0,2,0%,79.5
therapy for healthcare professionals,0,2,0%,81.5
mental health insurance ontario,0,2,0%,83
does ohip cover therapy,0,2,0%,84.5
virtual therapy sessions,0,2,0%,84.5
does health insurance cover therapy,0,2,0%,85.5
life transitions counseling ottawa,0,2,0%,85.5
anxiety work related,0,2,0%,86
online act therapy ontario,0,2,0%,86.5
stressed by work,0,2,0%,87.5
workplace stress and anxiety,0,2,0%,88.5
act training therapy,0,2,0%,89
i can't sleep because i can't stop thinking,0,2,0%,90
virtual therapist,0,2,0%,91.5
stressed about work,0,2,0%,93
online counsellor ontario,0,2,0%,93.5
online psychologist ontario,0,2,0%,94
online emotional regulation counselling ontario,0,2,0%,94.5
therapy for high intelligence,0,2,0%,95
job stress,0,2,0%,96
what is mindfulness therapy,0,2,0%,98
best hypnotherapist near me,0,1,0%,1
best therapist in toronto,0,1,0%,1
core values,0,1,0%,1
counseling near me,0,1,0%,1
counsellor near by me,0,1,0%,1
interventions for anxiety and depression,0,1,0%,1
level of stress scale,0,1,0%,1
mental health therapist near me,0,1,0%,1
next step psychiatry,0,1,0%,1
next step psychology and counselling,0,1,0%,1
psychotherapist near me in-person,0,1,0%,1
psychotherapy clinics near me,0,1,0%,1
psychotherapy toronto,0,1,0%,1
new step therapy,0,1,0%,2
next step clinic,0,1,0%,3
next step intervention,0,1,0%,4
psychotherapy,0,1,0%,5
next step rehab,0,1,0%,6
therapy for imposter syndrome in fast-paced work environments,0,1,0%,8
is therapy useful for making decisions about a career change?,0,1,0%,9
dreading my child going to university,0,1,0%,10
nxtstep ontario,0,1,0%,10
stop worrying about work,0,1,0%,10
potential for burnout,0,1,0%,11
the next step counseling services,0,1,0%,11
next step psychology,0,1,0%,13
professionalism as a core value,0,1,0%,15
first step men's therapy,0,1,0%,20
therapy for businesses,0,1,0%,24
how can i stop worrying about work,0,1,0%,26
virtual psychotherapy,0,1,0%,30
online therapist for anxiety,0,1,0%,32
sunday dread,0,1,0%,35
anxiety on sunday,0,1,0%,36
can't stop thinking about work,0,1,0%,36
worried about work,0,1,0%,36
how to not think about work,0,1,0%,38
anxiety on sundays,0,1,0%,39
act therapy mississauga,0,1,0%,41
performance enhancement professionals,0,1,0%,42
why can't i stop thinking about work,0,1,0%,42
growth through change,0,1,0%,44
therapy for performance anxiety,0,1,0%,45
full potential therapy,0,1,0%,47
nex step,0,1,0%,47
career uncertainty,0,1,0%,52
"which of the following is not a value that leads to peak performance and 
excellence?",0,1,0%,52
hidden beats,0,1,0%,53
next step canada,0,1,0%,54
professional therapist,0,1,0%,55
work from home mental health,0,1,0%,55
mindfulness and therapy,0,1,0%,57
transformative therapy,0,1,0%,58
constant anxiety feeling,0,1,0%,59
assessment of stress,0,1,0%,60
therapist professional development,0,1,0%,60
therapy for men,0,1,0%,61
job uncertainty,0,1,0%,62
therapy for work anxiety,0,1,0%,62
anxiety night before work,0,1,0%,64
anxiety on sunday nights,0,1,0%,64
efficiency core value,0,1,0%,65
professional core values,0,1,0%,66
stress assessments,0,1,0%,66
what burnout prevention strategies are recommended for tech startups?,0,1,0%,66
assessment for stress,0,1,0%,67
is psychology covered by ohip,0,1,0%,67
what to do when your child goes to university,0,1,0%,67
acceptance and commitment therapy training toronto,0,1,0%,68
anxiety and stress at work,0,1,0%,69
impostor syndrome therapy,0,1,0%,69
the workplace stress scale,0,1,0%,69
how to cope with work stress and anxiety,0,1,0%,70
work related anxiety,0,1,0%,70
professional online counselling ontario,0,1,0%,71
promotion performance therapy,0,1,0%,71
anxiety work,0,1,0%,72
therapy tools for colleges,0,1,0%,72
why do i always feel anxious,0,1,0%,73
then next step,0,1,0%,74
insurance for therapy,0,1,0%,75
anxiety and work,0,1,0%,76
next stepp,0,1,0%,76
constant anxious feeling,0,1,0%,77
why am i anxious all the time,0,1,0%,77
business therapy,0,1,0%,78
online emotional regulation therapy ontario,0,1,0%,78
workplace therapy,0,1,0%,78
workplace stress scale,0,1,0%,79
online counseling ontario,0,1,0%,80
virtual anxiety therapy,0,1,0%,82
high pressure performance,0,1,0%,84
manulife psychotherapy,0,1,0%,84
chronically anxious,0,1,0%,85
how to be a better performer,0,1,0%,85
professional fulfilment,0,1,0%,85
sunday night depression,0,1,0%,85
job anxiety,0,1,0%,86
toronto mens counselling,0,1,0%,86
acceptance and commitment therapy training canada,0,1,0%,87
therapy for change,0,1,0%,87
act therapy training,0,1,0%,88
insurance that covers therapy,0,1,0%,88
sleep anxiety symptoms,0,1,0%,88
therapists insurance,0,1,0%,88
why do i get anxious at the same time every day,0,1,0%,88
life transition therapist,0,1,0%,89
therapy for overthinking and perfectionism in california,0,1,0%,89
is therapy covered by insurance in canada,0,1,0%,90
job stress and anxiety,0,1,0%,90
stress tech,0,1,0%,90
i feel anxious,0,1,0%,91
next step business,0,1,0%,91
online cbt ontario,0,1,0%,92
community and health services northern ontario,0,1,0%,93
performance enhancement therapy,0,1,0%,93
sunday night mood,0,1,0%,94
personal development therapy,0,1,0%,95
assessment stress,0,1,0%,96
depression therapy ontario,0,1,0%,96
the next step website,0,1,0%,96
anxious feeling all the time,0,1,0%,97
"non profit organization men's help anger man divorce separation men's 
health mental health",0,1,0%,97
online act therapist ontario,0,1,0%,97
virtual psychotherapy ontario,0,1,0%,97
always anxious,0,1,0%,99
online act counselling ontario,0,1,0%,99
online counselling in ontario,0,1,0%,99
work stress risk assessment,0,1,0%,99
feeling anxious,0,1,0%,100
is hypnotherapy covered by insurance,0,1,0%,100
virtual therapy ottawa,0,1,0%,100
acceptance and commitment therapy training,0,1,0%,102
private anxiety therapy ontario,0,1,0%,102
stress relief therapy ontario,0,1,0%,102
the next step the next step,0,1,0%,105